onset	duration	trial_type	value	sample
3.5367958273048914	0.0	somatosensory	32	3551
3.550739826624032	0.0	NULL	0	3565
3.7628878162652435	0.0	Finger	16	3778
3.776831815584384	0.0	NULL	0	3792
9.604427531033812	0.0	somatosensory	32	9643
9.618371530352952	0.0	NULL	0	9657
9.763787523252562	0.0	Finger	16	9803
9.777731522571703	0.0	NULL	0	9817
12.638243382898272	0.0	somatosensory	32	12689
12.652187382217413	0.0	NULL	0	12703
12.920111369135187	0.0	Finger	16	12972
12.934055368454327	0.0	NULL	0	12986
18.70587508662719	0.0	somatosensory	32	18781
18.719819085946334	0.0	NULL	0	18795
18.882167078019187	0.0	Finger	16	18958
18.896111077338325	0.0	NULL	0	18972
23.25759486437525	0.0	somatosensory	32	23351
23.270542863743024	0.0	NULL	0	23364
23.430898855913142	0.0	Finger	16	23525
23.44484285523228	0.0	NULL	0	23539
29.32522656810417	0.0	somatosensory	32	29443
29.339170567423313	0.0	NULL	0	29457
29.529406558134447	0.0	Finger	16	29648
29.542354557502218	0.0	NULL	0	29661
32.35904241996863	0.0	somatosensory	32	32489
32.37298641928777	0.0	NULL	0	32503
32.606050407907695	0.0	Finger	16	32737
32.619994407226834	0.0	NULL	0	32751
35.39285827183309	0.0	somatosensory	32	35535
35.40680227115223	0.0	NULL	0	35549
35.60799426132841	0.0	Finger	16	35751
35.621938260647546	0.0	NULL	0	35765
47.52812167929093	0.0	somatosensory	32	47719
47.54206567861007	0.0	NULL	0	47733
47.77114566742453	0.0	Finger	16	47963
47.785089666743666	0.0	NULL	0	47977
50.561937531155394	0.0	somatosensory	32	50765
50.57588153047453	0.0	NULL	0	50779
50.862729516468285	0.0	Finger	16	51067
50.876673515787424	0.0	NULL	0	51081
53.595753383019854	0.0	somatosensory	32	53811
53.60969738233899	0.0	NULL	0	53825
53.87762136925677	0.0	Finger	16	54094
53.89156536857591	0.0	NULL	0	54108
61.18128901263237	0.0	somatosensory	32	61427
61.194237012000144	0.0	NULL	0	61440
61.41634500115503	0.0	Finger	16	61663
61.43028900047417	0.0	NULL	0	61677
65.73201279042907	0.0	somatosensory	32	65996
65.7459567897482	0.0	NULL	0	66010
65.96607277900036	0.0	Finger	16	66231
65.9800167783195	0.0	NULL	0	66245
68.76582864229353	0.0	somatosensory	32	69042
68.77977264161267	0.0	NULL	0	69056
69.00785663047576	0.0	Finger	16	69285
69.0218006297949	0.0	NULL	0	69299
76.35036827195468	0.0	somatosensory	32	76657
76.36431227127382	0.0	NULL	0	76671
76.54359226251991	0.0	Finger	16	76851
76.55654026188768	0.0	NULL	0	76864
80.90109204975137	0.0	somatosensory	32	81226
80.91503604907051	0.0	NULL	0	81240
81.16901603666913	0.0	Finger	16	81495
81.18296003598827	0.0	NULL	0	81509
106.68952279055064	0.0	somatosensory	32	107118
106.70346678986978	0.0	NULL	0	107132
106.92856277887877	0.0	Finger	16	107358
106.94250677819791	0.0	NULL	0	107372
114.27406242021179	0.0	somatosensory	32	114733
114.28800641953093	0.0	NULL	0	114747
114.50115040912351	0.0	Finger	16	114961
114.51509440844265	0.0	NULL	0	114975
117.30787827207625	0.0	somatosensory	32	117779
117.32182227139539	0.0	NULL	0	117793
117.56185825967489	0.0	Finger	16	118034
117.57580225899403	0.0	NULL	0	118048
123.37550997580517	0.0	somatosensory	32	123871
123.38945397512431	0.0	NULL	0	123885
123.58964996534912	0.0	Finger	16	124086
123.60359396466826	0.0	NULL	0	124100
126.410321827621	0.0	somatosensory	32	126918
126.42326982698877	0.0	NULL	0	126931
126.6045418181376	0.0	Finger	16	127113
126.61848581745674	0.0	NULL	0	127127
132.47795353134993	0.0	somatosensory	32	133010
132.49189753066906	0.0	NULL	0	133024
132.71400551982396	0.0	Finger	16	133247
132.7279495191431	0.0	NULL	0	133261
137.02867730914662	0.0	somatosensory	32	137579
137.04262130846575	0.0	NULL	0	137593
137.23684129898237	0.0	Finger	16	137788
137.24978929835012	0.0	NULL	0	137801
140.06249316101108	0.0	somatosensory	32	140625
140.07643716033022	0.0	NULL	0	140639
140.26567715109	0.0	Finger	16	140829
140.27962115040913	0.0	NULL	0	140843
144.61321693880777	0.0	somatosensory	32	145194
144.6271609381269	0.0	NULL	0	145208
144.7915009301025	0.0	Finger	16	145373
144.80544492942164	0.0	NULL	0	145387
156.7484803462656	0.0	somatosensory	32	157378
156.76242434558475	0.0	NULL	0	157392
156.9944923342533	0.0	Finger	16	157625
157.00843633357243	0.0	NULL	0	157639
162.8171080499459	0.0	somatosensory	32	163471
162.83005604931367	0.0	NULL	0	163484
163.0143160403166	0.0	Finger	16	163669
163.02826003963574	0.0	NULL	0	163683
167.36783182774258	0.0	somatosensory	32	168040
167.38177582706172	0.0	NULL	0	168054
167.59292781675157	0.0	Finger	16	168266
167.6068718160707	0.0	NULL	0	168280
170.40164767960704	0.0	somatosensory	32	171086
170.41559167892618	0.0	NULL	0	171100
170.7193716640932	0.0	Finger	16	171405
170.73331566341233	0.0	NULL	0	171419
173.4354635314715	0.0	somatosensory	32	174132
173.44940753079064	0.0	NULL	0	174146
173.63067952193947	0.0	Finger	16	174328
173.6446235212586	0.0	NULL	0	174342
181.02000316113265	0.0	somatosensory	32	181747
181.0339471604518	0.0	NULL	0	181761
181.26103514936352	0.0	Finger	16	181989
181.27497914868266	0.0	NULL	0	182003
182.0697871098737	0.0	Finger	16	182801
182.08373110919283	0.0	NULL	0	182815
184.0538190129971	0.0	somatosensory	32	184793
184.06776301231625	0.0	NULL	0	184807
184.33170299942856	0.0	Finger	16	185072
184.3456469987477	0.0	NULL	0	185086
188.6045427907938	0.0	somatosensory	32	189362
188.61848679011294	0.0	NULL	0	189376
188.83661077946238	0.0	Finger	16	189595
188.85055477878151	0.0	NULL	0	189609
197.70698634633857	0.0	somatosensory	32	198501
197.7209303456577	0.0	NULL	0	198515
197.90817833651474	0.0	Finger	16	198703
197.92212233583388	0.0	NULL	0	198717
202.25771012413526	0.0	somatosensory	32	203070
202.2716541234544	0.0	NULL	0	203084
202.47882211333877	0.0	Finger	16	203292
202.4927661126579	0.0	NULL	0	203306
206.80843390193195	0.0	somatosensory	32	207639
206.8223779012511	0.0	NULL	0	207653
207.04548189035734	0.0	Finger	16	207877
207.05942588967648	0.0	NULL	0	207891
209.8422497537964	0.0	somatosensory	32	210685
209.85619375311555	0.0	NULL	0	210699
210.14403773906065	0.0	Finger	16	210988
210.15698573842843	0.0	NULL	0	211001
223.49442108718648	0.0	somatosensory	32	224392
223.50836508650562	0.0	NULL	0	224406
223.8121450716726	0.0	Finger	16	224711
223.82608907099174	0.0	NULL	0	224725
231.079956716799	0.0	somatosensory	32	232008
231.09390071611813	0.0	NULL	0	232022
231.29409670634294	0.0	Finger	16	232223
231.30804070566208	0.0	NULL	0	232237
234.11377256866345	0.0	somatosensory	32	235054
234.1277165679826	0.0	NULL	0	235068
234.39066055514354	0.0	Finger	16	235332
234.40460455446268	0.0	NULL	0	235346
234.6187445440066	0.0	Finger	16	235561
234.63169254337438	0.0	NULL	0	235574
235.44442850369	0.0	Finger	16	236390
235.45837250300914	0.0	NULL	0	236404
